{
  "train_losses": [
    0.3500175476074219,
    0.3000935912132263,
    0.25767730815070017,
    0.2320874844278608,
    0.20811646750995091,
    0.19505687057971954,
    0.18574911568846023,
    0.178964729819979,
    0.17576706196580613,
    0.1743246167898178
  ],
  "val_losses": [
    0.3291355550289154,
    0.28204756021499633,
    0.24726689279079436,
    0.22179611265659332,
    0.20349424242973327,
    0.19100295901298522,
    0.18297747135162354,
    0.17843048810958861,
    0.17637490212917328,
    0.1758505082130432
  ],
  "best_val_loss": 0.1758505082130432,
  "final_val_loss": 0.1758505082130432,
  "epochs_trained": 10,
  "total_time_seconds": 0.05808591842651367
}