{
  "train_losses": [
    0.2916144473212106,
    0.24378786981105804,
    0.20393008419445582,
    0.17353905524526322,
    0.1536313614674977,
    0.1378168985247612,
    0.12807142628090723,
    0.11965606787375041,
    0.11669910805565971,
    0.11480773878949029
  ],
  "val_losses": [
    0.2721713447570801,
    0.22866724967956542,
    0.19565429508686066,
    0.1707863026857376,
    0.15259696483612062,
    0.13981256425380706,
    0.13147957026958465,
    0.12667711317539215,
    0.12448457807302475,
    0.1239262107014656
  ],
  "best_val_loss": 0.1239262107014656,
  "final_val_loss": 0.1239262107014656,
  "epochs_trained": 10,
  "total_time_seconds": 0.061247825622558594
}