{
  "primitives": {
    "mul": {
      "0.01": {
        "mean": 1.000000000011988,
        "std": 2.6953478272377544e-12,
        "median": 1.000000000011875,
        "max": 1.0000000000177647,
        "n_samples": 100
      },
      "0.1": {
        "mean": 1.0000000001236315,
        "std": 2.847010905838041e-11,
        "median": 1.0000000001171294,
        "max": 1.0000000002401115,
        "n_samples": 100
      },
      "1.0": {
        "mean": 1.0000000013328494,
        "std": 2.77114355707099e-10,
        "median": 1.0000000013047292,
        "max": 1.000000002401533,
        "n_samples": 100
      },
      "10.0": {
        "mean": 1.0000000012749113,
        "std": 2.3178316520321014e-10,
        "median": 1.0000000012573351,
        "max": 1.0000000019336714,
        "n_samples": 100
      },
      "100.0": {
        "mean": 1.000000001337743,
        "std": 2.2909337552539713e-10,
        "median": 1.000000001318794,
        "max": 1.0000000019565354,
        "n_samples": 100
      }
    },
    "inv": {
      "0.01": {
        "mean": 1.0000000002439666,
        "std": 1.1169341781703012e-11,
        "median": 1.00000000024573,
        "max": 1.000000000267059,
        "n_samples": 100
      },
      "0.1": {
        "mean": 1.0000000001491278,
        "std": 3.48523253056049e-11,
        "median": 1.0000000001427827,
        "max": 1.0000000002446623,
        "n_samples": 100
      },
      "1.0": {
        "mean": 1.0000000015997692,
        "std": 3.5723689496278873e-10,
        "median": 1.0000000015847674,
        "max": 1.0000000023929994,
        "n_samples": 100
      },
      "10.0": {
        "mean": 1.000000001327198,
        "std": 3.383941845523969e-10,
        "median": 1.000000001290128,
        "max": 1.0000000023860953,
        "n_samples": 100
      },
      "100.0": {
        "mean": 1.0000000015068482,
        "std": 3.351743405730953e-10,
        "median": 1.0000000014900088,
        "max": 1.0000000023382192,
        "n_samples": 100
      }
    },
    "exp": {
      "0.01": {
        "mean": 1.0000147347565396,
        "std": 2.2160243003024277e-06,
        "median": 1.0000155842898613,
        "max": 1.0000166670235806,
        "n_samples": 100
      },
      "0.1": {
        "mean": 1.0014749890098669,
        "std": 0.00022199826033556522,
        "median": 1.0015600818502595,
        "max": 1.0016685815881452,
        "n_samples": 100
      },
      "1.0": {
        "mean": 1.1645471502100118,
        "std": 0.02674470560492057,
        "median": 1.1746912466240926,
        "max": 1.188391065943999,
        "n_samples": 100
      },
      "10.0": {
        "mean": 132.7604990423939,
        "std": 716.4983628063424,
        "median": 21.28688153817459,
        "max": 6957.923178342204,
        "n_samples": 100
      },
      "100.0": {
        "mean": 356.628252360571,
        "std": 978.9406726944884,
        "median": 122.21134921999558,
        "max": 6958.133888581637,
        "n_samples": 97
      }
    },
    "log": {
      "0.01": {
        "mean": 1.0013952471952146,
        "std": 0.00024779011297761973,
        "median": 1.0014746691105954,
        "max": 1.0016560936865657,
        "n_samples": 100
      },
      "0.1": {
        "mean": 1.0734928903453138,
        "std": 0.022706173392617005,
        "median": 1.0756225162424322,
        "max": 1.110060455243577,
        "n_samples": 100
      },
      "1.0": {
        "mean": 1.2943494102040547,
        "std": 0.10412410539456418,
        "median": 1.2985523512343318,
        "max": 1.4747785894278669,
        "n_samples": 100
      },
      "10.0": {
        "mean": 1.346234219832893,
        "std": 0.12177601228509279,
        "median": 1.3514347827266233,
        "max": 1.5565985598915082,
        "n_samples": 100
      },
      "100.0": {
        "mean": 1.3519330882675116,
        "std": 0.1236621544860624,
        "median": 1.3572571247139047,
        "max": 1.565459748168364,
        "n_samples": 100
      }
    }
  },
  "compositions": {
    "R": {
      "2": {
        "mean": 1696.7897381587816,
        "std": 0.0004537464544778995,
        "median": 1696.7896909719489,
        "max": 1696.7909723031535,
        "n_samples": 50
      },
      "5": {
        "mean": 3112146.8655724647,
        "std": 955.2539602071361,
        "median": 3112190.919001309,
        "max": 3114465.659720882,
        "n_samples": 50
      },
      "10": {
        "mean": 24706495784.52827,
        "std": 22297287331.73366,
        "median": 20326914861.38848,
        "max": 137140843608.69894,
        "n_samples": 50
      }
    },
    "C": {
      "2": {
        "mean": 62.76463300022352,
        "std": 3.41091217958622e-07,
        "median": 62.7646330104844,
        "max": 62.764633866193456,
        "n_samples": 50
      },
      "5": {
        "mean": 5162.470940268674,
        "std": 0.0022835582485817127,
        "median": 5162.470564899939,
        "max": 5162.476153138647,
        "n_samples": 50
      },
      "10": {
        "mean": 5381709.738233251,
        "std": 1693.4463229694666,
        "median": 5381168.1900824215,
        "max": 5387416.7158432035,
        "n_samples": 50
      }
    },
    "H": {
      "2": {
        "mean": 29.224845102496435,
        "std": 6.269124403250414e-08,
        "median": 29.22484508864071,
        "max": 29.224845255693822,
        "n_samples": 50
      },
      "5": {
        "mean": 3755.524001507926,
        "std": 0.0007685070206206088,
        "median": 3755.5240690371024,
        "max": 3755.5255049797124,
        "n_samples": 50
      },
      "10": {
        "mean": 1023524.5765484847,
        "std": 62.22220039541689,
        "median": 1023516.7898294854,
        "max": 1023773.7188010718,
        "n_samples": 50
      }
    },
    "O": {
      "2": {
        "mean": null,
        "std": null,
        "median": null,
        "max": null,
        "n_samples": 0
      },
      "5": {
        "mean": null,
        "std": null,
        "median": null,
        "max": null,
        "n_samples": 0
      },
      "10": {
        "mean": null,
        "std": null,
        "median": null,
        "max": null,
        "n_samples": 0
      }
    }
  },
  "networks": {
    "R": {
      "0.01": {
        "mean": 10.769111329279731,
        "std": 3.1670584543505154,
        "median": 10.312700455755657,
        "max": 27.73078659502848,
        "n_samples": 30
      },
      "1.0": {
        "mean": 305.1797767842461,
        "std": 773.0214878431793,
        "median": 45.14087467989319,
        "max": 3148.0872342545595,
        "n_samples": 30
      },
      "100.0": {
        "mean": 191.77889593582,
        "std": 614.5631760409635,
        "median": 59.509435240123864,
        "max": 3476.7087572025944,
        "n_samples": 30
      }
    },
    "C": {
      "0.01": {
        "mean": 1048.155894239065,
        "std": 4240.692235516786,
        "median": 161.74616758281377,
        "max": 23828.153762837985,
        "n_samples": 30
      },
      "1.0": {
        "mean": 340.97701387081446,
        "std": 472.224020441709,
        "median": 154.07723719567247,
        "max": 2079.9098454161262,
        "n_samples": 30
      },
      "100.0": {
        "mean": 30727.518883781588,
        "std": 163182.72737073214,
        "median": 227.17836803984665,
        "max": 909488.1814391861,
        "n_samples": 30
      }
    },
    "H": {
      "0.01": {
        "mean": null,
        "std": null,
        "median": null,
        "max": null,
        "n_samples": 0,
        "error": "expected scalar type Double but found Float"
      },
      "1.0": {
        "mean": null,
        "std": null,
        "median": null,
        "max": null,
        "n_samples": 0,
        "error": "expected scalar type Double but found Float"
      },
      "100.0": {
        "mean": null,
        "std": null,
        "median": null,
        "max": null,
        "n_samples": 0,