{
  "train_losses": [
    0.31309677021844046,
    0.25902063718863894,
    0.21434697721685683,
    0.1834923710141863,
    0.16000458598136902,
    0.1441695030246462,
    0.13095112251383917,
    0.1239248737692833,
    0.1201332647885595,
    0.11997097943510328
  ],
  "val_losses": [
    0.26759214520454405,
    0.22435081481933594,
    0.1910478287935257,
    0.1661170542240143,
    0.14783014476299286,
    0.13504802584648132,
    0.12680632293224334,
    0.12210487276315689,
    0.11997859060764313,
    0.11943724632263183
  ],
  "best_val_loss": 0.11943724632263183,
  "final_val_loss": 0.11943724632263183,
  "epochs_trained": 10,
  "total_time_seconds": 0.08350801467895508
}