{
  "train_losses": [
    0.26462227531841825,
    0.2157434437956129,
    0.17850418814591,
    0.15019836808953965,
    0.1287022286227771,
    0.1146976255944797,
    0.10328921888555799,
    0.09647090520177569,
    0.09350368167672839,
    0.09015783667564392
  ],
  "val_losses": [
    0.22901198506355286,
    0.1889545202255249,
    0.15790502846240997,
    0.13438476622104645,
    0.11707534343004226,
    0.10492426782846451,
    0.09698311388492584,
    0.09249019503593445,
    0.09044386446475983,
    0.08991803973913193
  ],
  "best_val_loss": 0.08991803973913193,
  "final_val_loss": 0.08991803973913193,
  "epochs_trained": 10,
  "total_time_seconds": 0.06426668167114258
}