{
  "train_losses": [
    0.3382788045065744,
    0.2881852516106197,
    0.25250052341393064,
    0.22447917078222548,
    0.20796928874083928,
    0.19241724269730703,
    0.18190593804631913,
    0.17512464949062892,
    0.17432213255337306,
    0.17293270145143783
  ],
  "val_losses": [
    0.31125121712684634,
    0.2709176421165466,
    0.24097388446331025,
    0.21888408482074737,
    0.20273857474327087,
    0.19139492273330688,
    0.18402435302734374,
    0.17977139949798585,
    0.17781457602977752,
    0.17731455862522125
  ],
  "best_val_loss": 0.17731455862522125,
  "final_val_loss": 0.17731455862522125,
  "epochs_trained": 10,
  "total_time_seconds": 0.09511637687683105
}