{
  "train_losses": [
    0.33510418023381916,
    0.282245580639158,
    0.24110731056758336,
    0.20905526195253646,
    0.18446051010063716,
    0.16731492749282292,
    0.15471136569976807,
    0.14690680376120976,
    0.14230632781982422,
    0.1442767722266061
  ],
  "val_losses": [
    0.30884044408798217,
    0.26082695722579957,
    0.223958899974823,
    0.19614525854587556,
    0.17565174996852875,
    0.16151761531829834,
    0.15224137544631958,
    0.14692056596279143,
    0.14449283838272095,
    0.14387023210525512
  ],
  "best_val_loss": 0.14387023210525512,
  "final_val_loss": 0.14387023210525512,
  "epochs_trained": 10,
  "total_time_seconds": 0.08281826972961426
}